trade_id,entry_time,exit_time,direction,entry_price,exit_price,stop_loss,take_profit,pnl_gross,pnl_net,pnl_r,session,spread_cost,slippage_cost,total_cost,mae,mfe,holding_bars,exit_reason,confidence
1,2026-01-15 05:00:00-05:00,2026-01-15 07:00:00-05:00,short,4621.2002,4619.2002,4628.7002,4618.2002,2.0,-2.0,-0.2667,asian,3.0,1.0,4.0,2.1997,3.3003,3,tp,0.0121
2,2026-01-15 07:00:00-05:00,2026-01-15 08:00:00-05:00,short,4614.8999,4612.8999,4622.3999,4611.8999,2.0,-2.0,-0.2667,london,3.0,1.0,4.0,0.0,23.2998,1,tp,0.1373
3,2026-01-15 16:00:00-05:00,2026-01-15 19:00:00-05:00,short,4617.5,4615.5,4625.0,4614.5,2.0,-2.0,-0.2667,new_york,3.0,1.0,4.0,0.0,13.1001,2,tp,0.1065
4,2026-01-18 23:00:00-05:00,2026-01-20 00:00:00-05:00,short,4668.2002,4676.7002,4675.7002,4665.2002,-8.5,-12.5,-1.6667,new_york,3.0,1.0,4.0,52.3999,0.0,1,sl,0.0584
5,2026-01-20 00:00:00-05:00,2026-01-20 03:00:00-05:00,short,4717.6001,4726.1001,4725.1001,4714.6001,-8.5,-12.5,-1.6667,asian,3.0,1.0,4.0,18.0,0.0,6,sl,0.5767
6,2026-01-20 03:00:00-05:00,2026-01-20 08:00:00-05:00,short,4732.6001,4741.1001,4740.1001,4729.6001,-8.5,-12.5,-1.6667,asian,3.0,1.0,4.0,9.6997,0.3003,15,sl,0.6649
7,2026-01-20 08:00:00-05:00,2026-01-20 11:00:00-05:00,short,4739.2998,4747.7998,4746.7998,4736.2998,-8.5,-12.5,-1.6667,london,3.0,1.0,4.0,18.7002,0.0,6,sl,0.1859
8,2026-01-20 11:00:00-05:00,2026-01-20 12:00:00-05:00,short,4755.0,4763.5,4762.5,4752.0,-8.5,-12.5,-1.6667,london,3.0,1.0,4.0,8.7002,0.0,1,sl,0.1457
9,2026-01-20 12:00:00-05:00,2026-01-20 16:00:00-05:00,short,4760.7002,4769.2002,4768.2002,4757.7002,-8.5,-12.5,-1.6667,overlap,3.0,1.0,4.0,8.3999,0.0,10,sl,0.1888
10,2026-01-20 16:00:00-05:00,2026-01-20 18:00:00-05:00,short,4766.1001,4774.6001,4773.6001,4763.1001,-8.5,-12.5,-1.6667,new_york,3.0,1.0,4.0,13.6997,0.0,1,sl,0.3439
11,2026-01-20 18:00:00-05:00,2026-01-20 19:00:00-05:00,short,4776.7998,4785.2998,4784.2998,4773.7998,-8.5,-12.5,-1.6667,new_york,3.0,1.0,4.0,12.8003,0.0,1,sl,0.4027
12,2026-01-20 19:00:00-05:00,2026-01-20 20:00:00-05:00,short,4786.6001,4795.1001,4794.1001,4783.6001,-8.5,-12.5,-1.6667,new_york,3.0,1.0,4.0,51.8999,0.0,1,sl,0.6183
13,2026-01-20 20:00:00-05:00,2026-01-20 22:00:00-05:00,short,4835.5,4844.0,4843.0,4832.5,-8.5,-12.5,-1.6667,new_york,3.0,1.0,4.0,12.1001,0.0,3,sl,0.6851
14,2026-01-20 22:00:00-05:00,2026-01-20 23:00:00-05:00,short,4844.6001,4853.1001,4852.1001,4841.6001,-8.5,-12.5,-1.6667,new_york,3.0,1.0,4.0,22.8999,0.0,1,sl,0.6887
15,2026-01-20 23:00:00-05:00,2026-01-21 00:00:00-05:00,short,4864.5,4873.0,4872.0,4861.5,-8.5,-12.5,-1.6667,new_york,3.0,1.0,4.0,7.8999,0.0,1,sl,0.707
16,2026-01-21 01:00:00-05:00,2026-01-21 02:00:00-05:00,short,4847.2002,4855.7002,4854.7002,4844.2002,-8.5,-12.5,-1.6667,asian,3.0,1.0,4.0,10.2998,0.0,1,sl,0.3957
17,2026-01-21 02:00:00-05:00,2026-01-21 04:00:00-05:00,short,4854.5,4863.0,4862.0,4851.5,-8.5,-12.5,-1.6667,asian,3.0,1.0,4.0,7.8999,0.0,3,sl,0.3844
18,2026-01-21 04:00:00-05:00,2026-01-21 06:00:00-05:00,short,4859.3999,4867.8999,4866.8999,4856.3999,-8.5,-12.5,-1.6667,asian,3.0,1.0,4.0,9.7002,0.0,3,sl,0.0502
19,2026-01-21 06:00:00-05:00,2026-01-21 08:00:00-05:00,short,4866.1001,4874.6001,4873.6001,4863.1001,-8.5,-12.5,-1.6667,asian,3.0,1.0,4.0,16.1997,0.0,2,sl,0.0233
20,2026-01-22 02:00:00-05:00,2026-01-22 04:00:00-05:00,short,4830.5,4828.5,4838.0,4827.5,2.0,-2.0,-0.2667,asian,3.0,1.0,4.0,1.7002,6.1001,3,tp,0.5068
21,2026-01-22 04:00:00-05:00,2026-01-22 05:00:00-05:00,short,4821.3999,4829.8999,4828.8999,4818.3999,-8.5,-12.5,-1.6667,asian,3.0,1.0,4.0,9.6001,0.0,1,sl,0.1216
22,2026-01-22 05:00:00-05:00,2026-01-22 07:00:00-05:00,short,4828.0,4826.0,4835.5,4825.0,2.0,-2.0,-0.2667,asian,3.0,1.0,4.0,5.2002,6.5,3,tp,0.4492
23,2026-01-22 07:00:00-05:00,2026-01-22 09:00:00-05:00,short,4818.5,4827.0,4826.0,4815.5,-8.5,-12.5,-1.6667,london,3.0,1.0,4.0,18.2002,0.0,2,sl,0.073
24,2026-01-22 10:00:00-05:00,2026-01-22 11:00:00-05:00,short,4871.0,4879.5,4878.5,4868.0,-8.5,-12.5,-1.6667,london,3.0,1.0,4.0,9.7998,0.0,1,sl,0.2209
25,2026-01-22 11:00:00-05:00,2026-01-22 12:00:00-05:00,short,4877.7998,4886.2998,4885.2998,4874.7998,-8.5,-12.5,-1.6667,london,3.0,1.0,4.0,30.0,0.0,1,sl,0.2912
26,2026-01-22 12:00:00-05:00,2026-01-22 13:00:00-05:00,short,4904.7998,4913.2998,4912.2998,4901.7998,-8.5,-12.5,-1.6667,overlap,3.0,1.0,4.0,13.9004,0.0,1,sl,0.5496
27,2026-01-22 13:00:00-05:00,2026-01-22 16:00:00-05:00,short,4915.7002,4924.2002,4923.2002,4912.7002,-8.5,-12.5,-1.6667,overlap,3.0,1.0,4.0,22.6997,0.5,6,sl,0.5593
28,2026-01-22 16:00:00-05:00,2026-01-22 18:00:00-05:00,short,4935.3999,4943.8999,4942.8999,4932.3999,-8.5,-12.5,-1.6667,new_york,3.0,1.0,4.0,25.3999,0.0,1,sl,0.7342
29,2026-01-22 18:00:00-05:00,2026-01-22 19:00:00-05:00,short,4957.7998,4966.2998,4965.2998,4954.7998,-8.5,-12.5,-1.6667,new_york,3.0,1.0,4.0,9.8003,0.0,1,sl,0.739
30,2026-01-22 19:00:00-05:00,2026-01-22 20:00:00-05:00,short,4964.6001,4962.6001,4972.1001,4961.6001,2.0,-2.0,-0.2667,new_york,3.0,1.0,4.0,0.0,7.8003,1,tp,0.7205
31,2026-01-22 20:00:00-05:00,2026-01-23 00:00:00-05:00,short,4953.7998,4962.2998,4961.2998,4950.7998,-8.5,-12.5,-1.6667,new_york,3.0,1.0,4.0,8.3003,0.7998,10,sl,0.4875
32,2026-01-23 00:00:00-05:00,2026-01-23 01:00:00-05:00,short,4959.1001,4957.1001,4966.6001,4956.1001,2.0,-2.0,-0.2667,asian,3.0,1.0,4.0,0.0,5.0,1,tp,0.312
33,2026-01-23 11:00:00-05:00,2026-01-23 12:00:00-05:00,short,4978.3999,4976.3999,4985.8999,4975.3999,2.0,-2.0,-0.2667,london,3.0,1.0,4.0,0.0,11.5,1,tp,0.5795
34,2026-01-23 12:00:00-05:00,2026-01-23 14:00:00-05:00,short,4963.8999,4972.3999,4971.3999,4960.8999,-8.5,-12.5,-1.6667,overlap,3.0,1.0,4.0,21.3003,0.0,3,sl,0.2453
35,2026-01-23 14:00:00-05:00,2026-01-25 18:00:00-05:00,short,4982.2002,4990.7002,4989.7002,4979.2002,-8.5,-12.5,-1.6667,overlap,3.0,1.0,4.0,56.5,0.8003,6,sl,0.432
36,2026-01-25 18:00:00-05:00,2026-01-25 20:00:00-05:00,short,5035.7002,5044.2002,5043.2002,5032.7002,-8.5,-12.5,-1.6667,new_york,3.0,1.0,4.0,33.0996,0.0,3,sl,0.4812
37,2026-01-25 20:00:00-05:00,2026-01-25 21:00:00-05:00,short,5065.7998,5074.2998,5073.2998,5062.7998,-8.5,-12.5,-1.6667,new_york,3.0,1.0,4.0,13.1001,0.0,1,sl,0.4627
38,2026-01-25 21:00:00-05:00,2026-01-25 23:00:00-05:00,short,5075.8999,5073.8999,5083.3999,5072.8999,2.0,-2.0,-0.2667,new_york,3.0,1.0,4.0,0.0,7.2998,3,tp,0.7274
39,2026-01-25 23:00:00-05:00,2026-01-26 01:00:00-05:00,short,5065.6001,5074.1001,5073.1001,5062.6001,-8.5,-12.5,-1.6667,new_york,3.0,1.0,4.0,8.6001,0.0,3,sl,0.5112
40,2026-01-26 01:00:00-05:00,2026-01-26 02:00:00-05:00,short,5071.2002,5079.7002,5078.7002,5068.2002,-8.5,-12.5,-1.6667,asian,3.0,1.0,4.0,15.1997,0.0,1,sl,0.5789
41,2026-01-26 02:00:00-05:00,2026-01-26 07:00:00-05:00,short,5083.3999,5081.3999,5090.8999,5080.3999,2.0,-2.0,-0.2667,asian,3.0,1.0,4.0,6.7002,7.1997,12,tp,0.4553
42,2026-01-27 01:00:00-05:00,2026-01-27 04:00:00-05:00,short,5078.5,5087.0,5086.0,5075.5,-8.5,-12.5,-1.6667,asian,3.0,1.0,4.0,16.7998,2.8999,6,sl,0.3907
43,2026-01-27 04:00:00-05:00,2026-01-27 05:00:00-05:00,short,5092.2998,5090.2998,5099.7998,5089.2998,2.0,-2.0,-0.2667,asian,3.0,1.0,4.0,0.0,9.7998,1,tp,0.2783
44,2026-01-27 15:00:00-05:00,2026-01-27 16:00:00-05:00,short,5171.7002,5180.2002,5179.2002,5168.7002,-8.5,-12.5,-1.6667,overlap,3.0,1.0,4.0,7.8999,0.0,1,sl,0.269
45,2026-01-27 16:00:00-05:00,2026-01-27 18:00:00-05:00,short,5176.6001,5174.6001,5184.1001,5173.6001,2.0,-2.0,-0.2667,new_york,3.0,1.0,4.0,0.0,7.3999,1,tp,0.3642
46,2026-01-27 18:00:00-05:00,2026-01-27 20:00:00-05:00,short,5166.2002,5174.7002,5173.7002,5163.2002,-8.5,-12.5,-1.6667,new_york,3.0,1.0,4.0,33.2998,0.0,3,sl,0.5266
47,2026-01-27 20:00:00-05:00,2026-01-27 21:00:00-05:00,short,5196.5,5205.0,5204.0,5193.5,-8.5,-12.5,-1.6667,new_york,3.0,1.0,4.0,29.8999,0.0,1,sl,0.5382
48,2026-01-27 21:00:00-05:00,2026-01-27 23:00:00-05:00,short,5223.3999,5231.8999,5230.8999,5220.3999,-8.5,-12.5,-1.6667,new_york,3.0,1.0,4.0,19.3003,0.0,3,sl,0.6502
49,2026-01-27 23:00:00-05:00,2026-01-28 00:00:00-05:00,short,5239.7002,5248.2002,5247.2002,5236.7002,-8.5,-12.5,-1.6667,new_york,3.0,1.0,4.0,14.1997,0.0,1,sl,0.6486
50,2026-01-28 00:00:00-05:00,2026-01-28 01:00:00-05:00,short,5250.8999,5259.3999,5258.3999,5247.8999,-8.5,-12.5,-1.6667,asian,3.0,1.0,4.0,11.8003,0.0,1,sl,0.5498
51,2026-01-28 01:00:00-05:00,2026-01-28 02:00:00-05:00,short,5259.7002,5268.2002,5267.2002,5256.7002,-8.5,-12.5,-1.6667,asian,3.0,1.0,4.0,26.5,0.0,1,sl,0.5591
52,2026-01-28 02:00:00-05:00,2026-01-28 03:00:00-05:00,short,5283.2002,5291.7002,5290.7002,5280.2002,-8.5,-12.5,-1.6667,asian,3.0,1.0,4.0,43.7998,0.0,1,sl,0.7865
53,2026-01-28 04:00:00-05:00,2026-01-28 05:00:00-05:00,short,5308.7998,5306.7998,5316.2998,5305.7998,2.0,-2.0,-0.2667,asian,3.0,1.0,4.0,0.0,5.0996,1,tp,0.5565
54,2026-01-28 05:00:00-05:00,2026-01-28 06:00:00-05:00,short,5300.7002,5298.7002,5308.2002,5297.7002,2.0,-2.0,-0.2667,asian,3.0,1.0,4.0,0.0,6.5,1,tp,0.3702
55,2026-01-28 06:00:00-05:00,2026-01-28 07:00:00-05:00,short,5291.2002,5299.7002,5298.7002,5288.2002,-8.5,-12.5,-1.6667,asian,3.0,1.0,4.0,20.5,0.0,1,sl,0.2259
56,2026-01-28 07:00:00-05:00,2026-01-28 08:00:00-05:00,short,5308.7002,5306.7002,5316.2002,5305.7002,2.0,-2.0,-0.2667,london,3.0,1.0,4.0,0.0,10.1001,1,tp,0.243
57,2026-01-28 08:00:00-05:00,2026-01-28 09:00:00-05:00,short,5295.6001,5304.1001,5303.1001,5292.6001,-8.5,-12.5,-1.6667,london,3.0,1.0,4.0,23.1997,0.0,1,sl,0.0314
58,2026-01-28 09:00:00-05:00,2026-01-28 10:00:00-05:00,short,5315.7998,5313.7998,5323.2998,5312.7998,2.0,-2.0,-0.2667,london,3.0,1.0,4.0,0.0,4.5,1,tp,0.0906
59,2026-01-28 14:00:00-05:00,2026-01-28 15:00:00-05:00,short,5356.1001,5364.6001,5363.6001,5353.1001,-8.5,-12.5,-1.6667,overlap,3.0,1.0,4.0,53.2998,0.0,1,sl,0.1919
60,2026-01-28 15:00:00-05:00,2026-01-28 16:00:00-05:00,short,5406.3999,5414.8999,5413.8999,5403.3999,-8.5,-12.5,-1.6667,overlap,3.0,1.0,4.0,41.3999,0.0,1,sl,0.3082
61,2026-01-28 16:00:00-05:00,2026-01-28 18:00:00-05:00,short,5444.7998,5453.2998,5452.2998,5441.7998,-8.5,-12.5,-1.6667,new_york,3.0,1.0,4.0,94.6001,0.0,1,sl,0.5236
62,2026-01-28 18:00:00-05:00,2026-01-28 19:00:00-05:00,short,5536.3999,5544.8999,5543.8999,5533.3999,-8.5,-12.5,-1.6667,new_york,3.0,1.0,4.0,12.1001,0.0,1,sl,0.5972
63,2026-01-28 19:00:00-05:00,2026-01-28 20:00:00-05:00,short,5545.5,5554.0,5553.0,5542.5,-8.5,-12.5,-1.6667,new_york,3.0,1.0,4.0,28.5,0.0,1,sl,0.6619
64,2026-01-28 20:00:00-05:00,2026-01-28 21:00:00-05:00,short,5571.0,5569.0,5578.5,5568.0,2.0,-2.0,-0.2667,new_york,3.0,1.0,4.0,0.0,5.2998,1,tp,0.6635
65,2026-01-28 21:00:00-05:00,2026-01-28 22:00:00-05:00,short,5562.7002,5571.2002,5570.2002,5559.7002,-8.5,-12.5,-1.6667,new_york,3.0,1.0,4.0,13.0996,0.0,1,sl,0.6105
66,2026-01-28 22:00:00-05:00,2026-01-28 23:00:00-05:00,short,5572.7998,5581.2998,5580.2998,5569.7998,-8.5,-12.5,-1.6667,new_york,3.0,1.0,4.0,17.0,0.0,1,sl,0.731
67,2026-01-28 23:00:00-05:00,2026-01-29 02:00:00-05:00,short,5586.7998,5584.7998,5594.2998,5583.7998,2.0,-2.0,-0.2667,new_york,3.0,1.0,4.0,4.2002,8.3999,6,tp,0.7233
68,2026-01-29 02:00:00-05:00,2026-01-29 03:00:00-05:00,short,5575.3999,5573.3999,5582.8999,5572.3999,2.0,-2.0,-0.2667,asian,3.0,1.0,4.0,0.0,34.7998,1,tp,0.2088
69,2026-01-29 19:00:00-05:00,2026-01-29 20:00:00-05:00,short,5432.2998,5430.2998,5439.7998,5429.2998,2.0,-2.0,-0.2667,new_york,3.0,1.0,4.0,0.0,100.5996,1,tp,0.3274
70,2026-02-02 13:00:00-05:00,2026-02-02 14:00:00-05:00,long,4679.5,4684.5,4675.0,4685.5,5.0,1.0,0.2222,overlap,3.0,1.0,4.0,0.0,27.8999,1,tp,0.3583
71,2026-02-02 14:00:00-05:00,2026-02-02 15:00:00-05:00,long,4707.3999,4701.8999,4702.8999,4713.3999,-5.5,-9.5,-2.1111,overlap,3.0,1.0,4.0,31.1001,0.0,1,sl,0.2148
72,2026-02-02 15:00:00-05:00,2026-02-02 18:00:00-05:00,long,4676.2998,4681.2998,4671.7998,4682.2998,5.0,1.0,0.2222,overlap,3.0,1.0,4.0,0.0,122.2002,3,tp,0.5476
73,2026-02-02 18:00:00-05:00,2026-02-02 20:00:00-05:00,long,4798.5,4803.5,4794.0,4804.5,5.0,1.0,0.2222,new_york,3.0,1.0,4.0,0.0,64.2002,3,tp,0.1833
74,2026-02-02 20:00:00-05:00,2026-02-02 21:00:00-05:00,long,4862.7002,4857.2002,4858.2002,4868.7002,-5.5,-9.5,-2.1111,new_york,3.0,1.0,4.0,56.5,0.0,1,sl,0.0113
75,2026-02-02 21:00:00-05:00,2026-02-02 22:00:00-05:00,long,4806.2002,4811.2002,4801.7002,4812.2002,5.0,1.0,0.2222,new_york,3.0,1.0,4.0,0.0,25.3999,1,tp,0.09
76,2026-02-04 02:00:00-05:00,2026-02-04 04:00:00-05:00,short,5103.7998,5101.7998,5111.2998,5100.7998,2.0,-2.0,-0.2667,asian,3.0,1.0,4.0,2.7002,21.5,2,tp,0.6656
77,2026-02-04 09:00:00-05:00,2026-02-04 10:00:00-05:00,long,5008.3999,5002.8999,5003.8999,5014.3999,-5.5,-9.5,-2.1111,london,3.0,1.0,4.0,65.2998,0.0,1,sl,0.4128
78,2026-02-04 10:00:00-05:00,2026-02-04 11:00:00-05:00,long,4943.1001,4937.6001,4938.6001,4949.1001,-5.5,-9.5,-2.1111,london,3.0,1.0,4.0,16.2002,0.0,1,sl,0.6496
79,2026-02-04 11:00:00-05:00,2026-02-04 12:00:00-05:00,long,4926.8999,4921.3999,4922.3999,4932.8999,-5.5,-9.5,-2.1111,london,3.0,1.0,4.0,5.6001,0.0,1,sl,0.6613
80,2026-02-04 12:00:00-05:00,2026-02-04 13:00:00-05:00,long,4921.2998,4926.2998,4916.7998,4927.2998,5.0,1.0,0.2222,overlap,3.0,1.0,4.0,0.0,28.4004,1,tp,0.6475
81,2026-02-04 13:00:00-05:00,2026-02-04 14:00:00-05:00,long,4949.7002,4954.7002,4945.2002,4955.7002,5.0,1.0,0.2222,overlap,3.0,1.0,4.0,0.0,13.7998,1,tp,0.3431
82,2026-02-04 14:00:00-05:00,2026-02-04 16:00:00-05:00,long,4963.5,4968.5,4959.0,4969.5,5.0,1.0,0.2222,overlap,3.0,1.0,4.0,1.8999,22.8999,3,tp,0.2249
83,2026-02-04 16:00:00-05:00,2026-02-04 18:00:00-05:00,long,4986.3999,4991.3999,4981.8999,4992.3999,5.0,1.0,0.2222,new_york,3.0,1.0,4.0,0.0,47.0,1,tp,0.1182
84,2026-02-05 04:00:00-05:00,2026-02-05 05:00:00-05:00,long,4876.8999,4881.8999,4872.3999,4882.8999,5.0,1.0,0.2222,asian,3.0,1.0,4.0,0.0,21.0,1,tp,0.001
85,2026-02-05 08:00:00-05:00,2026-02-05 09:00:00-05:00,long,4858.2002,4863.2002,4853.7002,4864.2002,5.0,1.0,0.2222,london,3.0,1.0,4.0,0.0,9.5996,1,tp,0.0666
86,2026-02-05 09:00:00-05:00,2026-02-05 10:00:00-05:00,long,4867.7998,4862.2998,4863.2998,4873.7998,-5.5,-9.5,-2.1111,london,3.0,1.0,4.0,29.1997,0.0,1,sl,0.2709
87,2026-02-05 10:00:00-05:00,2026-02-05 11:00:00-05:00,long,4838.6001,4843.6001,4834.1001,4844.6001,5.0,1.0,0.2222,london,3.0,1.0,4.0,0.0,73.3999,1,tp,0.3542
88,2026-02-05 18:00:00-05:00,2026-02-05 19:00:00-05:00,long,4722.0,4727.0,4717.5,4728.0,5.0,1.0,0.2222,new_york,3.0,1.0,4.0,0.0,57.8999,1,tp,0.2266
89,2026-02-05 20:00:00-05:00,2026-02-05 21:00:00-05:00,long,4792.1001,4797.1001,4787.6001,4798.1001,5.0,1.0,0.2222,new_york,3.0,1.0,4.0,0.0,41.3999,1,tp,0.184
90,2026-02-09 20:00:00-05:00,2026-02-09 21:00:00-05:00,long,5054.8999,5059.8999,5050.3999,5060.8999,5.0,1.0,0.2222,new_york,3.0,1.0,4.0,0.0,6.3003,1,tp,0.0186
91,2026-02-09 22:00:00-05:00,2026-02-10 00:00:00-05:00,long,5051.5,5056.5,5047.0,5057.5,5.0,1.0,0.2222,new_york,3.0,1.0,4.0,0.0,10.3999,3,tp,0.0454
92,2026-02-10 01:00:00-05:00,2026-02-10 02:00:00-05:00,long,5045.7998,5050.7998,5041.2998,5051.7998,5.0,1.0,0.2222,asian,3.0,1.0,4.0,0.0,9.5,1,tp,0.1124
93,2026-02-10 13:00:00-05:00,2026-02-10 14:00:00-05:00,long,5036.0,5041.0,5031.5,5042.0,5.0,1.0,0.2222,overlap,3.0,1.0,4.0,0.0,14.7998,1,tp,0.0245
94,2026-02-10 16:00:00-05:00,2026-02-10 18:00:00-05:00,long,5047.8999,5052.8999,5043.3999,5053.8999,5.0,1.0,0.2222,new_york,3.0,1.0,4.0,0.0,16.2002,1,tp,0.0501
95,2026-02-11 05:00:00-05:00,2026-02-11 06:00:00-05:00,short,5115.6001,5124.1001,5123.1001,5112.6001,-8.5,-12.5,-1.6667,asian,3.0,1.0,4.0,21.1997,0.0,1,sl,0.2656
96,2026-02-11 06:00:00-05:00,2026-02-11 07:00:00-05:00,short,5133.7998,5131.7998,5141.2998,5130.7998,2.0,-2.0,-0.2667,asian,3.0,1.0,4.0,0.0,26.5996,1,tp,0.3752
97,2026-02-11 16:00:00-05:00,2026-02-11 18:00:00-05:00,short,5104.7998,5102.7998,5112.2998,5101.7998,2.0,-2.0,-0.2667,new_york,3.0,1.0,4.0,0.0,21.2998,1,tp,0.0038
98,2026-02-12 11:00:00-05:00,2026-02-12 12:00:00-05:00,long,4976.2998,4970.7998,4971.7998,4982.2998,-5.5,-9.5,-2.1111,london,3.0,1.0,4.0,14.7998,0.0,1,sl,0.2786
99,2026-02-12 12:00:00-05:00,2026-02-12 13:00:00-05:00,long,4961.5,4956.0,4957.0,4967.5,-5.5,-9.5,-2.1111,overlap,3.0,1.0,4.0,5.6001,0.0,1,sl,0.3541
100,2026-02-12 13:00:00-05:00,2026-02-12 14:00:00-05:00,long,4955.8999,4960.8999,4951.3999,4961.8999,5.0,1.0,0.2222,overlap,3.0,1.0,4.0,0.0,9.1001,1,tp,0.3424
101,2026-02-12 14:00:00-05:00,2026-02-12 15:00:00-05:00,long,4965.0,4959.5,4960.5,4971.0,-5.5,-9.5,-2.1111,overlap,3.0,1.0,4.0,29.8999,0.0,1,sl,0.2819
102,2026-02-12 15:00:00-05:00,2026-02-12 16:00:00-05:00,long,4935.1001,4940.1001,4930.6001,4941.1001,5.0,1.0,0.2222,overlap,3.0,1.0,4.0,0.0,6.2998,1,tp,0.322
103,2026-02-12 16:00:00-05:00,2026-02-12 20:00:00-05:00,long,4941.3999,4946.3999,4936.8999,4947.3999,5.0,1.0,0.2222,new_york,3.0,1.0,4.0,1.6997,58.3999,6,tp,0.4665
104,2026-02-13 12:00:00-05:00,2026-02-13 13:00:00-05:00,short,5040.5,5049.0,5048.0,5037.5,-8.5,-12.5,-1.6667,overlap,3.0,1.0,4.0,13.6001,0.0,1,sl,0.1288
105,2026-02-13 13:00:00-05:00,2026-02-13 14:00:00-05:00,short,5051.1001,5049.1001,5058.6001,5048.1001,2.0,-2.0,-0.2667,overlap,3.0,1.0,4.0,0.0,4.7002,1,tp,0.4459
106,2026-02-13 14:00:00-05:00,2026-02-13 15:00:00-05:00,short,5043.3999,5051.8999,5050.8999,5040.3999,-8.5,-12.5,-1.6667,overlap,3.0,1.0,4.0,10.6001,0.0,1,sl,0.3203
107,2026-02-13 15:00:00-05:00,2026-02-13 16:00:00-05:00,short,5051.0,5049.0,5058.5,5048.0,2.0,-2.0,-0.2667,overlap,3.0,1.0,4.0,0.0,4.7002,1,tp,0.2886
108,2026-02-13 16:00:00-05:00,2026-02-15 18:00:00-05:00,short,5043.2998,5041.2998,5050.7998,5040.2998,2.0,-2.0,-0.2667,new_york,3.0,1.0,4.0,0.0,4.7998,1,tp,0.0654
109,2026-02-15 19:00:00-05:00,2026-02-15 20:00:00-05:00,short,5032.0,5040.5,5039.5,5029.0,-8.5,-12.5,-1.6667,new_york,3.0,1.0,4.0,15.6001,0.0,1,sl,0.1196
110,2026-02-17 00:00:00-05:00,2026-02-17 01:00:00-05:00,long,4906.8999,4911.8999,4902.3999,4912.8999,5.0,1.0,0.2222,asian,3.0,1.0,4.0,0.0,23.1001,1,tp,0.6328
111,2026-02-17 01:00:00-05:00,2026-02-17 03:00:00-05:00,long,4930.0,4935.0,4925.5,4936.0,5.0,1.0,0.2222,asian,3.0,1.0,4.0,0.0,9.5,3,tp,0.3653
112,2026-02-17 03:00:00-05:00,2026-02-17 05:00:00-05:00,long,4939.5,4934.0,4935.0,4945.5,-5.5,-9.5,-2.1111,asian,3.0,1.0,4.0,7.3999,5.7002,3,sl,0.2442
113,2026-02-17 05:00:00-05:00,2026-02-17 06:00:00-05:00,long,4932.1001,4937.1001,4927.6001,4938.1001,5.0,1.0,0.2222,asian,3.0,1.0,4.0,0.0,16.6001,1,tp,0.2504
114,2026-02-17 06:00:00-05:00,2026-02-17 08:00:00-05:00,long,4948.7002,4943.2002,4944.2002,4954.7002,-5.5,-9.5,-2.1111,asian,3.0,1.0,4.0,59.3003,2.8999,2,sl,0.0544
115,2026-02-17 09:00:00-05:00,2026-02-17 10:00:00-05:00,long,4881.2998,4886.2998,4876.7998,4887.2998,5.0,1.0,0.2222,london,3.0,1.0,4.0,0.0,15.9004,1,tp,0.1284
116,2026-02-17 10:00:00-05:00,2026-02-17 11:00:00-05:00,long,4897.2002,4891.7002,4892.7002,4903.2002,-5.5,-9.5,-2.1111,london,3.0,1.0,4.0,9.5,0.0,1,sl,0.0012
117,2026-02-17 11:00:00-05:00,2026-02-17 13:00:00-05:00,long,4887.7002,4892.7002,4883.2002,4893.7002,5.0,1.0,0.2222,london,3.0,1.0,4.0,3.7002,30.0,3,tp,0.0989
118,2026-02-17 14:00:00-05:00,2026-02-17 18:00:00-05:00,long,4899.2998,4893.7998,4894.7998,4905.2998,-5.5,-9.5,-2.1111,overlap,3.0,1.0,4.0,22.3999,0.0,4,sl,0.0228
119,2026-02-18 11:00:00-05:00,2026-02-18 13:00:00-05:00,short,5018.2002,5016.2002,5025.7002,5015.2002,2.0,-2.0,-0.2667,london,3.0,1.0,4.0,1.8999,10.0,3,tp,0.6888
120,2026-02-19 01:00:00-05:00,2026-02-19 02:00:00-05:00,short,5032.3999,5030.3999,5039.8999,5029.3999,2.0,-2.0,-0.2667,asian,3.0,1.0,4.0,0.0,4.3999,1,tp,0.2082
121,2026-02-19 02:00:00-05:00,2026-02-19 03:00:00-05:00,short,5025.0,5033.5,5032.5,5022.0,-8.5,-12.5,-1.6667,asian,3.0,1.0,4.0,10.5,0.0,1,sl,0.0903
122,2026-02-19 03:00:00-05:00,2026-02-19 04:00:00-05:00,short,5032.5,5030.5,5040.0,5029.5,2.0,-2.0,-0.2667,asian,3.0,1.0,4.0,0.0,18.1001,1,tp,0.4422
123,2026-02-20 04:00:00-05:00,2026-02-20 05:00:00-05:00,short,5044.6001,5053.1001,5052.1001,5041.6001,-8.5,-12.5,-1.6667,asian,3.0,1.0,4.0,10.0,0.0,1,sl,0.107
124,2026-02-20 05:00:00-05:00,2026-02-20 06:00:00-05:00,short,5051.6001,5049.6001,5059.1001,5048.6001,2.0,-2.0,-0.2667,asian,3.0,1.0,4.0,0.0,14.8003,1,tp,0.1938
125,2026-02-20 08:00:00-05:00,2026-02-20 09:00:00-05:00,short,5060.5,5069.0,5068.0,5057.5,-8.5,-12.5,-1.6667,london,3.0,1.0,4.0,14.2998,0.0,1,sl,0.0396
126,2026-02-20 09:00:00-05:00,2026-02-20 10:00:00-05:00,short,5071.7998,5069.7998,5079.2998,5068.7998,2.0,-2.0,-0.2667,london,3.0,1.0,4.0,0.0,9.5,1,tp,0.0531
127,2026-02-20 10:00:00-05:00,2026-02-20 11:00:00-05:00,short,5059.2998,5067.7998,5066.7998,5056.2998,-8.5,-12.5,-1.6667,london,3.0,1.0,4.0,27.7002,0.0,1,sl,0.0808
128,2026-02-20 11:00:00-05:00,2026-02-20 12:00:00-05:00,short,5084.0,5092.5,5091.5,5081.0,-8.5,-12.5,-1.6667,london,3.0,1.0,4.0,9.7002,0.0,1,sl,0.0901
129,2026-02-20 12:00:00-05:00,2026-02-20 14:00:00-05:00,short,5090.7002,5099.2002,5098.2002,5087.7002,-8.5,-12.5,-1.6667,overlap,3.0,1.0,4.0,11.6997,0.0,3,sl,0.1509
130,2026-02-20 14:00:00-05:00,2026-02-20 15:00:00-05:00,short,5099.3999,5107.8999,5106.8999,5096.3999,-8.5,-12.5,-1.6667,overlap,3.0,1.0,4.0,20.0,0.0,1,sl,0.4846
131,2026-02-20 15:00:00-05:00,2026-02-20 16:00:00-05:00,short,5116.3999,5114.3999,5123.8999,5113.3999,2.0,-2.0,-0.2667,overlap,3.0,1.0,4.0,0.0,35.5,1,tp,0.514
132,2026-02-22 18:00:00-05:00,2026-02-22 19:00:00-05:00,short,5184.2002,5182.2002,5191.7002,5181.2002,2.0,-2.0,-0.2667,new_york,3.0,1.0,4.0,0.0,18.3003,1,tp,0.2563
133,2026-02-22 19:00:00-05:00,2026-02-22 20:00:00-05:00,short,5162.8999,5171.3999,5170.3999,5159.8999,-8.5,-12.5,-1.6667,new_york,3.0,1.0,4.0,16.5,0.0,1,sl,0.1876
134,2026-02-22 20:00:00-05:00,2026-02-22 21:00:00-05:00,short,5176.3999,5184.8999,5183.8999,5173.3999,-8.5,-12.5,-1.6667,new_york,3.0,1.0,4.0,18.6001,0.0,1,sl,0.1553
135,2026-02-22 21:00:00-05:00,2026-02-22 22:00:00-05:00,short,5192.0,5190.0,5199.5,5189.0,2.0,-2.0,-0.2667,new_york,3.0,1.0,4.0,0.0,3.6001,1,tp,0.1812
136,2026-02-22 22:00:00-05:00,2026-02-22 23:00:00-05:00,short,5185.3999,5183.3999,5192.8999,5182.3999,2.0,-2.0,-0.2667,new_york,3.0,1.0,4.0,0.0,4.1001,1,tp,0.132
137,2026-02-22 23:00:00-05:00,2026-02-23 01:00:00-05:00,short,5178.2998,5176.2998,5185.7998,5175.2998,2.0,-2.0,-0.2667,new_york,3.0,1.0,4.0,1.6001,11.0,2,tp,0.0563
138,2026-02-23 01:00:00-05:00,2026-02-23 02:00:00-05:00,short,5164.2998,5162.2998,5171.7998,5161.2998,2.0,-2.0,-0.2667,asian,3.0,1.0,4.0,0.0,6.6997,1,tp,0.1926
139,2026-02-23 09:00:00-05:00,2026-02-23 11:00:00-05:00,short,5210.5,5219.0,5218.0,5207.5,-8.5,-12.5,-1.6667,london,3.0,1.0,4.0,19.8999,0.0,3,sl,0.0614
140,2026-02-23 11:00:00-05:00,2026-02-23 14:00:00-05:00,short,5227.3999,5235.8999,5234.8999,5224.3999,-8.5,-12.5,-1.6667,london,3.0,1.0,4.0,8.0,0.0,6,sl,0.2473
141,2026-02-23 14:00:00-05:00,2026-02-23 15:00:00-05:00,short,5232.3999,5240.8999,5239.8999,5229.3999,-8.5,-12.5,-1.6667,overlap,3.0,1.0,4.0,23.2002,0.0,1,sl,0.3416
142,2026-02-23 15:00:00-05:00,2026-02-23 16:00:00-05:00,short,5252.6001,5250.6001,5260.1001,5249.6001,2.0,-2.0,-0.2667,overlap,3.0,1.0,4.0,0.0,4.7002,1,tp,0.3637
143,2026-02-23 16:00:00-05:00,2026-02-23 18:00:00-05:00,short,5244.8999,5253.3999,5252.3999,5241.8999,-8.5,-12.5,-1.6667,new_york,3.0,1.0,4.0,9.6001,0.0,1,sl,0.5628
144,2026-02-23 18:00:00-05:00,2026-02-23 19:00:00-05:00,short,5251.5,5249.5,5259.0,5248.5,2.0,-2.0,-0.2667,new_york,3.0,1.0,4.0,0.0,8.3999,1,tp,0.4081
145,2026-02-23 19:00:00-05:00,2026-02-23 20:00:00-05:00,short,5240.1001,5238.1001,5247.6001,5237.1001,2.0,-2.0,-0.2667,new_york,3.0,1.0,4.0,0.0,43.5,1,tp,0.0855
146,2026-02-24 20:00:00-05:00,2026-02-24 22:00:00-05:00,short,5192.1001,5200.6001,5199.6001,5189.1001,-8.5,-12.5,-1.6667,new_york,3.0,1.0,4.0,8.5,0.0,2,sl,0.0683
147,2026-02-24 23:00:00-05:00,2026-02-25 00:00:00-05:00,short,5198.2998,5206.7998,5205.7998,5195.2998,-8.5,-12.5,-1.6667,new_york,3.0,1.0,4.0,22.9004,0.0,1,sl,0.1247
148,2026-02-25 00:00:00-05:00,2026-02-25 01:00:00-05:00,short,5218.2002,5216.2002,5225.7002,5215.2002,2.0,-2.0,-0.2667,asian,3.0,1.0,4.0,0.0,5.0,1,tp,0.2063
149,2026-02-25 01:00:00-05:00,2026-02-25 02:00:00-05:00,short,5210.2002,5208.2002,5217.7002,5207.2002,2.0,-2.0,-0.2667,asian,3.0,1.0,4.0,0.0,6.4004,1,tp,0.5338
150,2026-02-25 02:00:00-05:00,2026-02-25 04:00:00-05:00,short,5200.7998,5209.2998,5208.2998,5197.7998,-8.5,-12.5,-1.6667,asian,3.0,1.0,4.0,12.1001,0.0,3,sl,0.2596
151,2026-02-25 04:00:00-05:00,2026-02-25 05:00:00-05:00,short,5209.8999,5207.8999,5217.3999,5206.8999,2.0,-2.0,-0.2667,asian,3.0,1.0,4.0,0.0,16.1997,1,tp,0.0439
152,2026-02-25 11:00:00-05:00,2026-02-25 14:00:00-05:00,short,5228.7002,5226.7002,5236.2002,5225.7002,2.0,-2.0,-0.2667,london,3.0,1.0,4.0,0.0,4.3003,5,tp,0.131
153,2026-02-25 14:00:00-05:00,2026-02-25 15:00:00-05:00,short,5221.3999,5219.3999,5228.8999,5218.3999,2.0,-2.0,-0.2667,overlap,3.0,1.0,4.0,0.0,51.5,1,tp,0.3776
154,2026-02-26 00:00:00-05:00,2026-02-26 02:00:00-05:00,short,5211.3999,5209.3999,5218.8999,5208.3999,2.0,-2.0,-0.2667,asian,3.0,1.0,4.0,0.0,8.7998,3,tp,0.4242
155,2026-02-26 02:00:00-05:00,2026-02-26 03:00:00-05:00,short,5199.6001,5197.6001,5207.1001,5196.6001,2.0,-2.0,-0.2667,asian,3.0,1.0,4.0,0.0,3.8003,1,tp,0.0834
156,2026-02-27 08:00:00-05:00,2026-02-27 10:00:00-05:00,short,5237.7998,5246.2998,5245.2998,5234.7998,-8.5,-12.5,-1.6667,london,3.0,1.0,4.0,20.0,0.0,3,sl,0.0554
157,2026-02-27 10:00:00-05:00,2026-02-27 11:00:00-05:00,short,5254.7998,5252.7998,5262.2998,5251.7998,2.0,-2.0,-0.2667,london,3.0,1.0,4.0,0.0,7.8999,1,tp,0.709
158,2026-02-27 11:00:00-05:00,2026-02-27 12:00:00-05:00,short,5243.8999,5252.3999,5251.3999,5240.8999,-8.5,-12.5,-1.6667,london,3.0,1.0,4.0,8.5,0.0,1,sl,0.4046
159,2026-02-27 12:00:00-05:00,2026-02-27 13:00:00-05:00,short,5249.3999,5257.8999,5256.8999,5246.3999,-8.5,-12.5,-1.6667,overlap,3.0,1.0,4.0,13.6001,0.0,1,sl,0.4958
160,2026-02-27 13:00:00-05:00,2026-02-27 14:00:00-05:00,short,5260.0,5268.5,5267.5,5257.0,-8.5,-12.5,-1.6667,overlap,3.0,1.0,4.0,8.3999,0.0,1,sl,0.5268
161,2026-02-27 14:00:00-05:00,2026-02-27 15:00:00-05:00,short,5265.3999,5273.8999,5272.8999,5262.3999,-8.5,-12.5,-1.6667,overlap,3.0,1.0,4.0,15.8999,0.0,1,sl,0.5175
162,2026-02-27 15:00:00-05:00,2026-02-27 16:00:00-05:00,short,5278.2998,5276.2998,5285.7998,5275.2998,2.0,-2.0,-0.2667,overlap,3.0,1.0,4.0,0.0,30.3999,1,tp,0.5478
163,2026-03-01 18:00:00-05:00,2026-03-01 19:00:00-05:00,short,5397.3999,5395.3999,5404.8999,5394.3999,2.0,-2.0,-0.2667,new_york,3.0,1.0,4.0,0.0,36.7998,1,tp,0.3919
164,2026-03-01 19:00:00-05:00,2026-03-01 20:00:00-05:00,short,5357.6001,5355.6001,5365.1001,5354.6001,2.0,-2.0,-0.2667,new_york,3.0,1.0,4.0,0.0,19.3003,1,tp,0.0907
165,2026-03-01 20:00:00-05:00,2026-03-01 21:00:00-05:00,short,5335.2998,5343.7998,5342.7998,5332.2998,-8.5,-12.5,-1.6667,new_york,3.0,1.0,4.0,23.5,0.0,1,sl,0.027
166,2026-03-01 21:00:00-05:00,2026-03-01 22:00:00-05:00,short,5355.7998,5364.2998,5363.2998,5352.7998,-8.5,-12.5,-1.6667,new_york,3.0,1.0,4.0,22.9004,0.0,1,sl,0.066
167,2026-03-01 22:00:00-05:00,2026-03-01 23:00:00-05:00,short,5375.7002,5373.7002,5383.2002,5372.7002,2.0,-2.0,-0.2667,new_york,3.0,1.0,4.0,0.0,5.9004,1,tp,0.0883
168,2026-03-01 23:00:00-05:00,2026-03-02 00:00:00-05:00,short,5366.7998,5375.2998,5374.2998,5363.7998,-8.5,-12.5,-1.6667,new_york,3.0,1.0,4.0,12.1001,0.0,1,sl,0.0307
169,2026-03-02 00:00:00-05:00,2026-03-02 01:00:00-05:00,short,5375.8999,5384.3999,5383.3999,5372.8999,-8.5,-12.5,-1.6667,asian,3.0,1.0,4.0,25.6001,0.0,1,sl,0.0212
170,2026-03-02 01:00:00-05:00,2026-03-02 02:00:00-05:00,short,5398.5,5407.0,5406.0,5395.5,-8.5,-12.5,-1.6667,asian,3.0,1.0,4.0,24.5,0.0,1,sl,0.251
171,2026-03-02 03:00:00-05:00,2026-03-02 06:00:00-05:00,short,5405.8999,5403.8999,5413.3999,5402.8999,2.0,-2.0,-0.2667,asian,3.0,1.0,4.0,1.0,6.2998,6,tp,0.0545
172,2026-03-02 07:00:00-05:00,2026-03-02 09:00:00-05:00,short,5409.3999,5407.3999,5416.8999,5406.3999,2.0,-2.0,-0.2667,london,3.0,1.0,4.0,0.3999,63.0,3,tp,0.2017
173,2026-03-02 19:00:00-05:00,2026-03-02 20:00:00-05:00,short,5361.5,5359.5,5369.0,5358.5,2.0,-2.0,-0.2667,new_york,3.0,1.0,4.0,0.0,8.6001,1,tp,0.0317
174,2026-03-02 20:00:00-05:00,2026-03-02 21:00:00-05:00,short,5349.8999,5358.3999,5357.3999,5346.8999,-8.5,-12.5,-1.6667,new_york,3.0,1.0,4.0,30.1001,0.0,1,sl,0.2613
175,2026-03-02 21:00:00-05:00,2026-03-03 00:00:00-05:00,short,5377.0,5375.0,5384.5,5374.0,2.0,-2.0,-0.2667,new_york,3.0,1.0,4.0,4.2002,45.1001,6,tp,0.3139
176,2026-03-03 06:00:00-05:00,2026-03-03 07:00:00-05:00,long,5154.0,5159.0,5149.5,5160.0,5.0,1.0,0.2222,asian,3.0,1.0,4.0,0.0,80.5,1,tp,0.6467
177,2026-03-03 09:00:00-05:00,2026-03-03 10:00:00-05:00,long,5048.0,5053.0,5043.5,5054.0,5.0,1.0,0.2222,london,3.0,1.0,4.0,0.0,57.2998,1,tp,0.3241
178,2026-03-03 10:00:00-05:00,2026-03-03 11:00:00-05:00,long,5105.2998,5110.2998,5100.7998,5111.2998,5.0,1.0,0.2222,london,3.0,1.0,4.0,0.0,12.6001,1,tp,0.1835
179,2026-03-03 11:00:00-05:00,2026-03-03 12:00:00-05:00,long,5117.8999,5112.3999,5113.3999,5123.8999,-5.5,-9.5,-2.1111,london,3.0,1.0,4.0,28.3999,0.0,1,sl,0.1009
180,2026-03-03 12:00:00-05:00,2026-03-03 13:00:00-05:00,long,5089.5,5094.5,5085.0,5095.5,5.0,1.0,0.2222,overlap,3.0,1.0,4.0,0.0,57.0,1,tp,0.1098
181,2026-03-03 15:00:00-05:00,2026-03-03 16:00:00-05:00,long,5109.2998,5103.7998,5104.7998,5115.2998,-5.5,-9.5,-2.1111,overlap,3.0,1.0,4.0,9.7998,0.0,1,sl,0.0347
182,2026-03-04 12:00:00-05:00,2026-03-04 13:00:00-05:00,long,5153.6001,5148.1001,5149.1001,5159.6001,-5.5,-9.5,-2.1111,overlap,3.0,1.0,4.0,8.8999,0.0,1,sl,0.2907
183,2026-03-04 13:00:00-05:00,2026-03-04 16:00:00-05:00,long,5144.7002,5149.7002,5140.2002,5150.7002,5.0,1.0,0.2222,overlap,3.0,1.0,4.0,0.0,6.8999,6,tp,0.5453
184,2026-03-04 16:00:00-05:00,2026-03-04 18:00:00-05:00,long,5151.6001,5156.6001,5147.1001,5157.6001,5.0,1.0,0.2222,new_york,3.0,1.0,4.0,0.0,24.6001,1,tp,0.2032
185,2026-03-05 05:00:00-05:00,2026-03-05 08:00:00-05:00,long,5175.6001,5170.1001,5171.1001,5181.6001,-5.5,-9.5,-2.1111,asian,3.0,1.0,4.0,49.1001,0.0,3,sl,0.0267
186,2026-03-05 08:00:00-05:00,2026-03-05 09:00:00-05:00,long,5126.5,5121.0,5122.0,5132.5,-5.5,-9.5,-2.1111,london,3.0,1.0,4.0,15.7002,0.0,1,sl,0.0737
187,2026-03-05 09:00:00-05:00,2026-03-05 11:00:00-05:00,long,5110.7998,5105.2998,5106.2998,5116.7998,-5.5,-9.5,-2.1111,london,3.0,1.0,4.0,24.2998,0.5,3,sl,0.5673
188,2026-03-05 11:00:00-05:00,2026-03-05 12:00:00-05:00,long,5086.5,5081.0,5082.0,5092.5,-5.5,-9.5,-2.1111,london,3.0,1.0,4.0,15.2998,0.0,1,sl,0.6998
189,2026-03-05 12:00:00-05:00,2026-03-05 13:00:00-05:00,long,5071.2002,5076.2002,5066.7002,5077.2002,5.0,1.0,0.2222,overlap,3.0,1.0,4.0,0.0,6.3999,1,tp,0.71
190,2026-03-05 13:00:00-05:00,2026-03-05 15:00:00-05:00,long,5077.6001,5082.6001,5073.1001,5083.6001,5.0,1.0,0.2222,overlap,3.0,1.0,4.0,3.0,9.0,3,tp,0.6589
191,2026-03-05 15:00:00-05:00,2026-03-05 16:00:00-05:00,long,5086.6001,5091.6001,5082.1001,5092.6001,5.0,1.0,0.2222,overlap,3.0,1.0,4.0,0.0,6.6997,1,tp,0.4522
192,2026-03-05 16:00:00-05:00,2026-03-05 20:00:00-05:00,long,5093.2998,5098.2998,5088.7998,5099.2998,5.0,1.0,0.2222,new_york,3.0,1.0,4.0,0.7998,48.8003,3,tp,0.1067
193,2026-03-06 04:00:00-05:00,2026-03-06 05:00:00-05:00,long,5093.5,5098.5,5089.0,5099.5,5.0,1.0,0.2222,asian,3.0,1.0,4.0,0.0,6.3999,1,tp,0.4837
194,2026-03-06 05:00:00-05:00,2026-03-06 06:00:00-05:00,long,5099.8999,5094.3999,5095.3999,5105.8999,-5.5,-9.5,-2.1111,asian,3.0,1.0,4.0,13.7998,0.0,1,sl,0.2513
195,2026-03-06 06:00:00-05:00,2026-03-06 08:00:00-05:00,long,5086.1001,5091.1001,5081.6001,5092.1001,5.0,1.0,0.2222,asian,3.0,1.0,4.0,0.0,7.6997,3,tp,0.4971
196,2026-03-06 08:00:00-05:00,2026-03-06 09:00:00-05:00,long,5093.7998,5098.7998,5089.2998,5099.7998,5.0,1.0,0.2222,london,3.0,1.0,4.0,0.0,45.5,1,tp,0.2117
197,2026-03-08 19:00:00-04:00,2026-03-08 20:00:00-04:00,long,5083.3999,5077.8999,5078.8999,5089.3999,-5.5,-9.5,-2.1111,new_york,3.0,1.0,4.0,26.5,0.0,1,sl,0.3654
198,2026-03-08 20:00:00-04:00,2026-03-08 21:00:00-04:00,long,5056.8999,5061.8999,5052.3999,5062.8999,5.0,1.0,0.2222,new_york,3.0,1.0,4.0,0.0,20.7002,1,tp,0.4457
199,2026-03-08 21:00:00-04:00,2026-03-08 22:00:00-04:00,long,5077.6001,5082.6001,5073.1001,5083.6001,5.0,1.0,0.2222,new_york,3.0,1.0,4.0,0.0,23.2998,1,tp,0.1952
200,2026-03-08 22:00:00-04:00,2026-03-09 00:00:00-04:00,long,5100.8999,5095.3999,5096.3999,5106.8999,-5.5,-9.5,-2.1111,new_york,3.0,1.0,4.0,4.5,0.0,3,sl,0.161
201,2026-03-09 00:00:00-04:00,2026-03-09 01:00:00-04:00,long,5096.3999,5101.3999,5091.8999,5102.3999,5.0,1.0,0.2222,asian,3.0,1.0,4.0,0.0,35.2002,1,tp,0.1427
202,2026-03-09 09:00:00-04:00,2026-03-09 10:00:00-04:00,long,5081.5,5086.5,5077.0,5087.5,5.0,1.0,0.2222,london,3.0,1.0,4.0,0.0,21.1001,1,tp,0.2912
203,2026-03-10 11:00:00-04:00,2026-03-10 14:00:00-04:00,short,5235.0,5233.0,5242.5,5232.0,2.0,-2.0,-0.2667,london,3.0,1.0,4.0,2.1001,35.0,6,tp,0.504
204,2026-03-11 18:00:00-04:00,2026-03-11 19:00:00-04:00,long,5144.7998,5139.2998,5140.2998,5150.7998,-5.5,-9.5,-2.1111,new_york,3.0,1.0,4.0,4.7998,0.0,1,sl,0.1054
205,2026-03-11 19:00:00-04:00,2026-03-11 20:00:00-04:00,long,5140.0,5145.0,5135.5,5146.0,5.0,1.0,0.2222,new_york,3.0,1.0,4.0,0.0,18.1001,1,tp,0.2436
206,2026-03-12 00:00:00-04:00,2026-03-12 01:00:00-04:00,long,5147.3999,5152.3999,5142.8999,5153.3999,5.0,1.0,0.2222,asian,3.0,1.0,4.0,0.0,12.3003,1,tp,0.0838
207,2026-03-12 11:00:00-04:00,2026-03-12 12:00:00-04:00,long,5138.0,5132.5,5133.5,5144.0,-5.5,-9.5,-2.1111,london,3.0,1.0,4.0,7.8999,0.0,1,sl,0.417
208,2026-03-12 12:00:00-04:00,2026-03-12 13:00:00-04:00,long,5130.1001,5124.6001,5125.6001,5136.1001,-5.5,-9.5,-2.1111,overlap,3.0,1.0,4.0,17.7002,0.0,1,sl,0.4358
209,2026-03-12 13:00:00-04:00,2026-03-12 14:00:00-04:00,long,5112.3999,5106.8999,5107.8999,5118.3999,-5.5,-9.5,-2.1111,overlap,3.0,1.0,4.0,12.3999,0.0,1,sl,0.7243
210,2026-03-12 14:00:00-04:00,2026-03-12 15:00:00-04:00,long,5100.0,5094.5,5095.5,5106.0,-5.5,-9.5,-2.1111,overlap,3.0,1.0,4.0,8.2998,0.0,1,sl,0.7295
211,2026-03-12 15:00:00-04:00,2026-03-12 16:00:00-04:00,long,5091.7002,5086.2002,5087.2002,5097.7002,-5.5,-9.5,-2.1111,overlap,3.0,1.0,4.0,7.6001,0.0,1,sl,0.733
212,2026-03-12 16:00:00-04:00,2026-03-12 18:00:00-04:00,long,5084.1001,5089.1001,5079.6001,5090.1001,5.0,1.0,0.2222,new_york,3.0,1.0,4.0,0.0,15.0,1,tp,0.8
213,2026-03-12 18:00:00-04:00,2026-03-12 20:00:00-04:00,long,5099.1001,5104.1001,5094.6001,5105.1001,5.0,1.0,0.2222,new_york,3.0,1.0,4.0,0.0,17.5,3,tp,0.4117
214,2026-03-13 04:00:00-04:00,2026-03-13 06:00:00-04:00,long,5092.2002,5097.2002,5087.7002,5098.2002,5.0,1.0,0.2222,asian,3.0,1.0,4.0,0.0,7.3999,3,tp,0.1128
215,2026-03-13 06:00:00-04:00,2026-03-13 07:00:00-04:00,long,5099.6001,5104.6001,5095.1001,5105.6001,5.0,1.0,0.2222,asian,3.0,1.0,4.0,0.0,13.2998,1,tp,0.0713
216,2026-03-13 10:00:00-04:00,2026-03-13 11:00:00-04:00,long,5045.7998,5040.2998,5041.2998,5051.7998,-5.5,-9.5,-2.1111,london,3.0,1.0,4.0,6.6997,0.0,1,sl,0.1135
217,2026-03-13 11:00:00-04:00,2026-03-13 12:00:00-04:00,long,5039.1001,5044.1001,5034.6001,5045.1001,5.0,1.0,0.2222,london,3.0,1.0,4.0,0.0,11.5,1,tp,0.1363
218,2026-03-13 12:00:00-04:00,2026-03-13 15:00:00-04:00,long,5050.6001,5045.1001,5046.1001,5056.6001,-5.5,-9.5,-2.1111,overlap,3.0,1.0,4.0,28.6001,0.2998,6,sl,0.0257
219,2026-03-13 15:00:00-04:00,2026-03-15 18:00:00-04:00,long,5022.0,5027.0,5017.5,5028.0,5.0,1.0,0.2222,overlap,3.0,1.0,4.0,0.0,6.7998,3,tp,0.4127
220,2026-03-15 18:00:00-04:00,2026-03-15 19:00:00-04:00,long,5028.7998,5023.2998,5024.2998,5034.7998,-5.5,-9.5,-2.1111,new_york,3.0,1.0,4.0,28.1997,0.0,1,sl,0.4332
221,2026-03-15 19:00:00-04:00,2026-03-15 20:00:00-04:00,long,5000.6001,5005.6001,4996.1001,5006.6001,5.0,1.0,0.2222,new_york,3.0,1.0,4.0,0.0,29.7998,1,tp,0.2841
222,2026-03-15 22:00:00-04:00,2026-03-15 23:00:00-04:00,long,5006.6001,5011.6001,5002.1001,5012.6001,5.0,1.0,0.2222,new_york,3.0,1.0,4.0,0.0,15.8999,1,tp,0.088
223,2026-03-16 04:00:00-04:00,2026-03-16 05:00:00-04:00,long,4995.0,4989.5,4990.5,5001.0,-5.5,-9.5,-2.1111,asian,3.0,1.0,4.0,15.6001,0.0,1,sl,0.1867
224,2026-03-16 05:00:00-04:00,2026-03-16 06:00:00-04:00,long,4979.3999,4984.3999,4974.8999,4985.3999,5.0,1.0,0.2222,asian,3.0,1.0,4.0,0.0,24.8003,1,tp,0.2258
225,2026-03-16 18:00:00-04:00,2026-03-16 19:00:00-04:00,long,5007.6001,5012.6001,5003.1001,5013.6001,5.0,1.0,0.2222,new_york,3.0,1.0,4.0,0.0,10.3999,1,tp,0.0445
226,2026-03-17 08:00:00-04:00,2026-03-17 11:00:00-04:00,long,5016.2998,5010.7998,5011.7998,5022.2998,-5.5,-9.5,-2.1111,london,3.0,1.0,4.0,13.6997,5.6001,3,sl,0.0295
227,2026-03-17 11:00:00-04:00,2026-03-17 16:00:00-04:00,long,5002.6001,5007.6001,4998.1001,5008.6001,5.0,1.0,0.2222,london,3.0,1.0,4.0,0.0,8.6997,6,tp,0.0486
228,2026-03-17 18:00:00-04:00,2026-03-17 22:00:00-04:00,long,5003.6001,4998.1001,4999.1001,5009.6001,-5.5,-9.5,-2.1111,new_york,3.0,1.0,4.0,8.7002,4.7998,4,sl,0.1736
229,2026-03-17 22:00:00-04:00,2026-03-18 00:00:00-04:00,long,4994.8999,4989.3999,4990.3999,5000.8999,-5.5,-9.5,-2.1111,new_york,3.0,1.0,4.0,5.0,0.0,3,sl,0.0511
230,2026-03-18 00:00:00-04:00,2026-03-18 01:00:00-04:00,long,4989.8999,4994.8999,4985.3999,4995.8999,5.0,1.0,0.2222,asian,3.0,1.0,4.0,0.0,11.2002,1,tp,0.1241
231,2026-03-18 07:00:00-04:00,2026-03-18 08:00:00-04:00,long,4933.2998,4927.7998,4928.7998,4939.2998,-5.5,-9.5,-2.1111,london,3.0,1.0,4.0,48.8999,0.0,1,sl,0.2295
232,2026-03-18 08:00:00-04:00,2026-03-18 10:00:00-04:00,long,4884.3999,4878.8999,4879.8999,4890.3999,-5.5,-9.5,-2.1111,london,3.0,1.0,4.0,11.2998,0.0,3,sl,0.3892
233,2026-03-18 10:00:00-04:00,2026-03-18 11:00:00-04:00,long,4873.1001,4867.6001,4868.6001,4879.1001,-5.5,-9.5,-2.1111,london,3.0,1.0,4.0,6.8003,0.0,1,sl,0.7143
234,2026-03-18 11:00:00-04:00,2026-03-18 12:00:00-04:00,long,4866.2998,4871.2998,4861.7998,4872.2998,5.0,1.0,0.2222,london,3.0,1.0,4.0,0.0,24.9004,1,tp,0.7097
235,2026-03-18 12:00:00-04:00,2026-03-18 14:00:00-04:00,long,4891.2002,4885.7002,4886.7002,4897.2002,-5.5,-9.5,-2.1111,overlap,3.0,1.0,4.0,33.9004,3.8999,3,sl,0.3648
236,2026-03-18 14:00:00-04:00,2026-03-18 15:00:00-04:00,long,4857.2998,4851.7998,4852.7998,4863.2998,-5.5,-9.5,-2.1111,overlap,3.0,1.0,4.0,10.5,0.0,1,sl,0.4173
237,2026-03-18 15:00:00-04:00,2026-03-18 16:00:00-04:00,long,4846.7998,4841.2998,4842.2998,4852.7998,-5.5,-9.5,-2.1111,overlap,3.0,1.0,4.0,22.8999,0.0,1,sl,0.3432
238,2026-03-18 16:00:00-04:00,2026-03-18 18:00:00-04:00,long,4823.8999,4828.8999,4819.3999,4829.8999,5.0,1.0,0.2222,new_york,3.0,1.0,4.0,0.0,13.2002,1,tp,0.2426
239,2026-03-18 18:00:00-04:00,2026-03-18 21:00:00-04:00,long,4837.1001,4842.1001,4832.6001,4843.1001,5.0,1.0,0.2222,new_york,3.0,1.0,4.0,0.0,14.1997,3,tp,0.0541
240,2026-03-18 21:00:00-04:00,2026-03-18 22:00:00-04:00,long,4851.2998,4856.2998,4846.7998,4857.2998,5.0,1.0,0.2222,new_york,3.0,1.0,4.0,0.0,8.2002,1,tp,0.102
241,2026-03-18 22:00:00-04:00,2026-03-18 23:00:00-04:00,long,4859.5,4854.0,4855.0,4865.5,-5.5,-9.5,-2.1111,new_york,3.0,1.0,4.0,6.7998,0.0,1,sl,0.0381
242,2026-03-19 02:00:00-04:00,2026-03-19 03:00:00-04:00,long,4765.2002,4759.7002,4760.7002,4771.2002,-5.5,-9.5,-2.1111,asian,3.0,1.0,4.0,35.6001,0.0,1,sl,0.3613
243,2026-03-19 03:00:00-04:00,2026-03-19 04:00:00-04:00,long,4729.6001,4724.1001,4725.1001,4735.6001,-5.5,-9.5,-2.1111,asian,3.0,1.0,4.0,19.0,0.0,1,sl,0.4911
244,2026-03-19 04:00:00-04:00,2026-03-19 05:00:00-04:00,long,4710.6001,4705.1001,4706.1001,4716.6001,-5.5,-9.5,-2.1111,asian,3.0,1.0,4.0,9.5,0.0,1,sl,0.567
245,2026-03-19 05:00:00-04:00,2026-03-19 06:00:00-04:00,long,4701.1001,4695.6001,4696.6001,4707.1001,-5.5,-9.5,-2.1111,asian,3.0,1.0,4.0,19.2002,0.0,1,sl,0.6875
246,2026-03-19 06:00:00-04:00,2026-03-19 07:00:00-04:00,long,4681.8999,4676.3999,4677.3999,4687.8999,-5.5,-9.5,-2.1111,asian,3.0,1.0,4.0,27.5,0.0,1,sl,0.8
247,2026-03-19 07:00:00-04:00,2026-03-19 08:00:00-04:00,long,4654.3999,4648.8999,4649.8999,4660.3999,-5.5,-9.5,-2.1111,london,3.0,1.0,4.0,77.1001,0.0,1,sl,0.8
248,2026-03-19 08:00:00-04:00,2026-03-19 09:00:00-04:00,long,4577.2998,4582.2998,4572.7998,4583.2998,5.0,1.0,0.2222,london,3.0,1.0,4.0,0.0,46.7002,1,tp,0.8
249,2026-03-19 09:00:00-04:00,2026-03-19 10:00:00-04:00,long,4624.0,4618.5,4619.5,4630.0,-5.5,-9.5,-2.1111,london,3.0,1.0,4.0,20.5,0.0,1,sl,0.4425
250,2026-03-19 10:00:00-04:00,2026-03-19 11:00:00-04:00,long,4603.5,4598.0,4599.0,4609.5,-5.5,-9.5,-2.1111,london,3.0,1.0,4.0,5.2002,0.0,1,sl,0.3816
251,2026-03-19 11:00:00-04:00,2026-03-19 12:00:00-04:00,long,4598.2998,4592.7998,4593.7998,4604.2998,-5.5,-9.5,-2.1111,london,3.0,1.0,4.0,11.1997,0.0,1,sl,0.325
252,2026-03-19 12:00:00-04:00,2026-03-19 13:00:00-04:00,long,4587.1001,4592.1001,4582.6001,4593.1001,5.0,1.0,0.2222,overlap,3.0,1.0,4.0,0.0,31.6997,1,tp,0.3079
253,2026-03-19 13:00:00-04:00,2026-03-19 14:00:00-04:00,long,4618.7998,4623.7998,4614.2998,4624.7998,5.0,1.0,0.2222,overlap,3.0,1.0,4.0,0.0,7.0,1,tp,0.0505
254,2026-03-20 09:00:00-04:00,2026-03-20 10:00:00-04:00,long,4617.0,4611.5,4612.5,4623.0,-5.5,-9.5,-2.1111,london,3.0,1.0,4.0,52.1001,0.0,1,sl,0.0503
255,2026-03-20 10:00:00-04:00,2026-03-20 11:00:00-04:00,long,4564.8999,4559.3999,4560.3999,4570.8999,-5.5,-9.5,-2.1111,london,3.0,1.0,4.0,9.6001,0.0,1,sl,0.15
256,2026-03-20 11:00:00-04:00,2026-03-20 12:00:00-04:00,long,4555.2998,4560.2998,4550.7998,4561.2998,5.0,1.0,0.2222,london,3.0,1.0,4.0,0.0,30.0,1,tp,0.4568
257,2026-03-20 12:00:00-04:00,2026-03-20 13:00:00-04:00,long,4585.2998,4579.7998,4580.7998,4591.2998,-5.5,-9.5,-2.1111,overlap,3.0,1.0,4.0,9.3999,0.0,1,sl,0.1911
258,2026-03-20 13:00:00-04:00,2026-03-20 14:00:00-04:00,long,4575.8999,4570.3999,4571.3999,4581.8999,-5.5,-9.5,-2.1111,overlap,3.0,1.0,4.0,75.1997,0.0,1,sl,0.1427
259,2026-03-20 14:00:00-04:00,2026-03-22 19:00:00-04:00,long,4500.7002,4495.2002,4496.2002,4506.7002,-5.5,-9.5,-2.1111,overlap,3.0,1.0,4.0,34.8003,3.0996,10,sl,0.2718
260,2026-03-22 19:00:00-04:00,2026-03-22 20:00:00-04:00,long,4465.8999,4460.3999,4461.3999,4471.8999,-5.5,-9.5,-2.1111,new_york,3.0,1.0,4.0,109.5,0.0,1,sl,0.3274
261,2026-03-22 20:00:00-04:00,2026-03-22 21:00:00-04:00,long,4356.3999,4361.3999,4351.8999,4362.3999,5.0,1.0,0.2222,new_york,3.0,1.0,4.0,0.0,33.6001,1,tp,0.5031
262,2026-03-22 21:00:00-04:00,2026-03-22 22:00:00-04:00,long,4390.0,4384.5,4385.5,4396.0,-5.5,-9.5,-2.1111,new_york,3.0,1.0,4.0,27.7002,0.0,1,sl,0.4768
263,2026-03-22 22:00:00-04:00,2026-03-22 23:00:00-04:00,long,4362.2998,4356.7998,4357.7998,4368.2998,-5.5,-9.5,-2.1111,new_york,3.0,1.0,4.0,7.0,0.0,1,sl,0.4972
264,2026-03-22 23:00:00-04:00,2026-03-23 00:00:00-04:00,long,4355.2998,4360.2998,4350.7998,4361.2998,5.0,1.0,0.2222,new_york,3.0,1.0,4.0,0.0,15.6001,1,tp,0.4043
265,2026-03-23 00:00:00-04:00,2026-03-23 01:00:00-04:00,long,4370.8999,4365.3999,4366.3999,4376.8999,-5.5,-9.5,-2.1111,asian,3.0,1.0,4.0,56.7998,0.0,1,sl,0.3037
266,2026-03-23 01:00:00-04:00,2026-03-23 02:00:00-04:00,long,4314.1001,4308.6001,4309.6001,4320.1001,-5.5,-9.5,-2.1111,asian,3.0,1.0,4.0,89.0,0.0,1,sl,0.3898
267,2026-03-23 02:00:00-04:00,2026-03-23 03:00:00-04:00,long,4225.1001,4219.6001,4220.6001,4231.1001,-5.5,-9.5,-2.1111,asian,3.0,1.0,4.0,19.3999,0.0,1,sl,0.4972
268,2026-03-23 03:00:00-04:00,2026-03-23 04:00:00-04:00,long,4205.7002,4210.7002,4201.2002,4211.7002,5.0,1.0,0.2222,asian,3.0,1.0,4.0,0.0,46.0,1,tp,0.4864
269,2026-03-23 04:00:00-04:00,2026-03-23 06:00:00-04:00,long,4251.7002,4256.7002,4247.2002,4257.7002,5.0,1.0,0.2222,asian,3.0,1.0,4.0,0.0,18.2998,3,tp,0.0626
270,2026-03-23 06:00:00-04:00,2026-03-23 07:00:00-04:00,long,4270.0,4275.0,4265.5,4276.0,5.0,1.0,0.2222,asian,3.0,1.0,4.0,0.0,109.2002,1,tp,0.0756
271,2026-03-23 23:00:00-04:00,2026-03-24 00:00:00-04:00,long,4346.7998,4341.2998,4342.2998,4352.7998,-5.5,-9.5,-2.1111,new_york,3.0,1.0,4.0,12.7998,0.0,1,sl,0.0921
272,2026-03-24 14:00:00-04:00,2026-03-24 15:00:00-04:00,long,4390.8999,4395.8999,4386.3999,4396.8999,5.0,1.0,0.2222,overlap,3.0,1.0,4.0,0.0,10.0,1,tp,0.034
273,2026-03-25 05:00:00-04:00,2026-03-25 06:00:00-04:00,long,4550.3999,4555.3999,4545.8999,4556.3999,5.0,1.0,0.2222,asian,3.0,1.0,4.0,0.0,6.7002,1,tp,0.2479
274,2026-03-25 06:00:00-04:00,2026-03-25 07:00:00-04:00,long,4557.1001,4562.1001,4552.6001,4563.1001,5.0,1.0,0.2222,asian,3.0,1.0,4.0,0.0,20.2998,1,tp,0.0196
275,2026-03-25 15:00:00-04:00,2026-03-25 16:00:00-04:00,long,4528.7002,4523.2002,4524.2002,4534.7002,-5.5,-9.5,-2.1111,overlap,3.0,1.0,4.0,25.4004,0.0,1,sl,0.2461
276,2026-03-25 16:00:00-04:00,2026-03-25 18:00:00-04:00,long,4503.2998,4508.2998,4498.7998,4509.2998,5.0,1.0,0.2222,new_york,3.0,1.0,4.0,0.0,10.6001,1,tp,0.1835
277,2026-03-25 18:00:00-04:00,2026-03-25 19:00:00-04:00,long,4513.8999,4508.3999,4509.3999,4519.8999,-5.5,-9.5,-2.1111,new_york,3.0,1.0,4.0,18.6001,0.0,1,sl,0.0123
278,2026-03-25 19:00:00-04:00,2026-03-25 20:00:00-04:00,long,4495.2998,4500.2998,4490.7998,4501.2998,5.0,1.0,0.2222,new_york,3.0,1.0,4.0,0.0,38.0,1,tp,0.5343
279,2026-03-25 22:00:00-04:00,2026-03-26 00:00:00-04:00,long,4505.2002,4510.2002,4500.7002,4511.2002,5.0,1.0,0.2222,new_york,3.0,1.0,4.0,0.0,11.6997,2,tp,0.0077
280,2026-03-26 01:00:00-04:00,2026-03-26 02:00:00-04:00,long,4435.0,4440.0,4430.5,4441.0,5.0,1.0,0.2222,asian,3.0,1.0,4.0,0.0,17.8999,1,tp,0.0704
281,2026-03-26 02:00:00-04:00,2026-03-26 04:00:00-04:00,long,4452.8999,4447.3999,4448.3999,4458.8999,-5.5,-9.5,-2.1111,asian,3.0,1.0,4.0,28.1001,0.0,2,sl,0.0125
282,2026-03-26 04:00:00-04:00,2026-03-26 06:00:00-04:00,long,4424.7998,4429.7998,4420.2998,4430.7998,5.0,1.0,0.2222,asian,3.0,1.0,4.0,3.5,15.4004,3,tp,0.3966
283,2026-03-26 06:00:00-04:00,2026-03-26 07:00:00-04:00,long,4440.2002,4434.7002,4435.7002,4446.2002,-5.5,-9.5,-2.1111,asian,3.0,1.0,4.0,20.5,0.0,1,sl,0.1157
284,2026-03-26 07:00:00-04:00,2026-03-26 08:00:00-04:00,long,4419.7002,4424.7002,4415.2002,4425.7002,5.0,1.0,0.2222,london,3.0,1.0,4.0,0.0,7.0996,1,tp,0.2398
285,2026-03-26 08:00:00-04:00,2026-03-26 09:00:00-04:00,long,4426.7998,4431.7998,4422.2998,4432.7998,5.0,1.0,0.2222,london,3.0,1.0,4.0,0.0,23.3003,1,tp,0.236
286,2026-03-26 14:00:00-04:00,2026-03-26 15:00:00-04:00,long,4391.0,4385.5,4386.5,4397.0,-5.5,-9.5,-2.1111,overlap,3.0,1.0,4.0,29.7002,0.0,1,sl,0.0077
287,2026-03-26 15:00:00-04:00,2026-03-26 16:00:00-04:00,long,4361.2998,4366.2998,4356.7998,4367.2998,5.0,1.0,0.2222,overlap,3.0,1.0,4.0,0.0,15.6001,1,tp,0.0507
288,2026-03-26 19:00:00-04:00,2026-03-26 20:00:00-04:00,long,4400.2998,4394.7998,4395.7998,4406.2998,-5.5,-9.5,-2.1111,new_york,3.0,1.0,4.0,26.2998,0.0,1,sl,0.0509
289,2026-03-26 20:00:00-04:00,2026-03-26 21:00:00-04:00,long,4374.0,4379.0,4369.5,4380.0,5.0,1.0,0.2222,new_york,3.0,1.0,4.0,0.0,37.3999,1,tp,0.0441
290,2026-03-29 19:00:00-04:00,2026-03-29 20:00:00-04:00,long,4476.8999,4471.3999,4472.3999,4482.8999,-5.5,-9.5,-2.1111,new_york,3.0,1.0,4.0,15.6997,0.0,1,sl,0.1292
291,2026-03-29 20:00:00-04:00,2026-03-29 21:00:00-04:00,long,4461.2002,4466.2002,4456.7002,4467.2002,5.0,1.0,0.2222,new_york,3.0,1.0,4.0,0.0,37.2998,1,tp,0.347
292,2026-03-30 08:00:00-04:00,2026-03-30 09:00:00-04:00,short,4596.6001,4594.6001,4604.1001,4593.6001,2.0,-2.0,-0.2667,london,3.0,1.0,4.0,0.0,42.8999,1,tp,0.5441
293,2026-03-30 21:00:00-04:00,2026-03-30 22:00:00-04:00,short,4632.5,4630.5,4640.0,4629.5,2.0,-2.0,-0.2667,new_york,3.0,1.0,4.0,0.0,34.7002,1,tp,0.1438
294,2026-03-30 22:00:00-04:00,2026-03-30 23:00:00-04:00,short,4594.7998,4592.7998,4602.2998,4591.7998,2.0,-2.0,-0.2667,new_york,3.0,1.0,4.0,0.0,9.8999,1,tp,0.0177
295,2026-03-30 23:00:00-04:00,2026-03-30 23:00:00-04:00,short,4581.8999,4585.8999,4589.3999,4578.8999,-4.0,-8.0,-1.0667,new_york,3.0,1.0,4.0,0.0,0.0,0,end_of_data,0.0459
